event,AdCo-001,AdCo-019,AdCo-016,AdCo-015,AdCo-011,AdCo-022,DM1-108,AdCo-025,DM1-109,AdCo-002,AdCo-008,AdCo-017,AdCo-018,AdCo-010,AdCo-012,DM1-081,AdCo-009,AdCo-004,DM1-103,AdCo-005,DM1-056,AdCo-007,DM2-003,AdCo-021,AdCo-023,AdCo-024,DM1-050,DM1-080,AdCo-006,DM1-076,AdCo-020,DM1-073,CDM-033,DM1-072,CDM-036,DM1-041,DM1-057,DM1-106,DM1-068,DM1-069,DM1-058,DM1-077,DM1-110,DM1-071,CDM-032,DM1-086,DM1-070,DM1-060,DM1-087,DM1-049,DM1-048,DM1-054,DM1-047,DM1-002,DM1-001,DM1-044,DM1-042,CDM-018,DM1-010,DM1-004,DM1-043,DM2-001,DM1-062,DM1-088,DM1-059,DM2-002,DM2-004,DM1-107,DM1-052,DM1-006,DM1-074,DM1-101,DM1-104,DM1-051,CDM-007,DM1-018,DM1-045,DM1-007,DM1-063,DM1-012,DM1-011,DM1-028,DM1-075,DM1-067,DM1-009,DM1-064,DM1-061,DM1-023,DM1-114,DM1-013,DM1-115,DM1-053,DM1-066,DM1-021,DM1-102,DM1-025,DM1-065,DM1-026,DM1-019,DM1-105,DM1-084,CDM-021,DM1-055,DM1-089,DM1-005,DM1-024,DM1-022,DM1-016,DM1-031,DM1-030,DM1-082,DM1-046,DM1-029,DM1-032,DM1-017,DM1-014,DM1-036,DM1-083,DM1-015,DM1-085,DM1-035,CDM-034,DM1-038,DM1-039,DM1-027,DM1-033,DM1-034,DM1-020,CDM-001
ANK2,0.978723404,0.94486543,0.937533512,0.914518318,0.918589744,0.965469613,0.911123853,0.868372943,0.929050815,0.934953271,0.917092768,0.937575758,0.959533608,0.907383832,0.840236686,0.888671875,0.924564797,0.934117647,0.858551568,0.94188862,0.924166667,0.86686103,0.942819149,0.949895616,0.870870871,0.852007772,0.899196366,0.766307431,0.93903454,0.862821279,0.772491909,0.897233202,0.935483871,0.845675523,0.926302641,0.922435897,0.922877358,0.882927992,0.890400605,0.855143722,0.906726768,0.794720497,0.589875112,0.955622677,0.800139519,0.827227311,0.886926606,0.803151862,0.81825273,0.873049645,0.911370056,0.767436885,0.868794326,0.851126516,0.835427136,0.809187833,0.865210442,0.795795796,0.867293626,0.824709411,0.778584965,0.705357143,0.850830368,0.584118927,0.868129614,0.58890331,0.667497125,0.719782518,0.585552597,0.79948526,0.669806644,0.729092752,0.684158021,0.803098592,0.735789474,0.80669145,0.732890365,0.783621838,0.61423221,0.763334935,0.79982694,0.811913859,0.672899252,0.727254509,0.743569132,0.676352257,0.832152975,0.722052328,0.75029656,0.745644057,0.596098953,0.505761844,0.687828162,0.767036926,0.640057756,0.690779363,0.642561983,0.685529373,0.619782214,0.631850244,0.38976378,0.619620422,0.629665072,0.55,0.648239148,0.562651934,0.703494772,0.590612245,0.532862191,0.602066374,0.490545767,0.479868646,0.548869565,0.623532952,0.370314275,0.428808558,0.441236691,0.38965708,0.389477167,0.418918919,0.374841705,0.43008615,0.475157837,0.456176531,0.550988701,0.499711732,0.470544258,0.29889043,0.386033648
ATP2A1,0.996969547,0.996618845,0.996367203,0.99650076,0.993033461,0.996105491,0.994007768,0.99535629,0.99650997,0.997066491,0.995687916,0.995569426,0.996107841,0.991480174,0.995119799,0.993238851,0.995517569,0.997104488,0.996671042,0.996550441,0.995623009,0.995751328,0.99185673,0.996906484,0.984232239,0.994536314,0.993586413,0.994232929,0.986245019,0.929259575,0.997628772,0.976067067,0.980299263,0.96912532,0.966403987,0.986185235,0.924362302,0.959166284,0.965892175,0.970466335,0.987411284,0.832771925,0.934846617,0.957649943,0.914115173,0.983790169,0.899402757,0.949341902,0.880298726,0.945839124,0.864681104,0.826732477,0.739928366,0.837289386,0.838436195,0.769054904,0.849579225,0.894387829,0.575166943,0.825686077,0.78291133,0.449436468,0.826093445,0.792595639,0.731355627,0.505978333,0.383930444,0.518486849,0.844790448,0.683009396,0.713071095,0.884203556,0.77850323,0.465259415,0.658625636,0.254663079,0.650402221,0.878017508,0.308078509,0.434803206,0.269178438,0.663418602,0.708878572,0.706900093,0.548293851,0.26994815,0.647120677,0.762637263,0.531362763,0.371523018,0.305087058,0.613681699,0.676111688,0.339079125,0.375037887,0.242422216,0.218976968,0.082898895,0.469762283,0.128939814,0.510080826,0.042022504,0.131832753,0.206315906,0.041301915,0.033910879,0.028260712,0.076374729,0.086885065,0.017322009,0.038634141,0.023113449,0.074057958,0.012305703,0.026101233,0.031223855,0.040718183,0.015229768,0.068305612,0.021915088,0.02390087,0.015085369,0.014671735,0.011836704,0.009931115,0.010234979,0.013443105,0.014153332,0.015840186
BEST3,0.718295218,0.892709766,0.85786802,0.785104732,0.823371284,0.931372549,0.854273336,0.854776081,0.826479076,0.787531017,0.832335329,0.712126664,0.801829268,0.841107319,0.753932119,0.641157382,0.739403454,0.862911796,0.890782828,0.677956372,0.724132863,0.798484056,0.876033058,0.685787671,0.803195352,0.767225326,0.652566159,0.656760773,0.739331437,0.741595442,0.809080326,0.735766821,0.764903277,0.651798561,0.623587224,0.550316678,0.607797372,0.531821507,0.575951444,0.66491074,0.584227255,0.456356921,0.698242812,0.606967787,0.61107375,0.548181477,0.580771434,0.432980401,0.449634756,0.454424386,0.6482661,0.365483539,0.4855,0.573414905,0.647690901,0.500922752,0.387668552,0.505559674,0.462709832,0.313743948,0.320759031,0.438663531,0.323350741,0.45399754,0.288613303,0.446588453,0.348125081,0.353843862,0.14041621,0.356920926,0.426327364,0.270968791,0.268456376,0.46473977,0.308387745,0.249895572,0.197043337,0.346614641,0.272500996,0.33141804,0.318453292,0.323787993,0.232993756,0.236200412,0.200290416,0.174681754,0.144383184,0.296700716,0.188585608,0.181025958,0.194007491,0.142525828,0.163994086,0.185835819,0.144561955,0.155824599,0.154803041,0.158391696,0.179471385,0.197650311,0.130791588,0.131866825,0.097439446,0.138740806,0.197745781,0.075831142,0.235009385,0.172133232,0.078956851,0.130160019,0.046183546,0.064418995,0.067511956,0.078350065,0.174109627,0.041494253,0.125202442,0.028886355,0.088711768,0.102547971,0.08123608,0.060394103,0.124102684,0.156075374,0.073118633,0.081905516,0.064823815,0.031064938,0.048725212
BIN1,0.988700319,0.988571897,0.99028059,0.988067761,0.990347805,0.986845804,0.984828725,0.988328848,0.98689806,0.988719037,0.986880334,0.985994722,0.988520971,0.985049348,0.986179622,0.987441202,0.987669131,0.987960554,0.984927635,0.989683866,0.986043956,0.985966736,0.988978313,0.988400083,0.985927345,0.987544902,0.983514566,0.982326951,0.985458358,0.985746192,0.978025963,0.975764981,0.983774879,0.980097431,0.982144428,0.987927462,0.979842376,0.979473799,0.974916186,0.976691419,0.957855246,0.971290074,0.971222477,0.97312478,0.976131078,0.973413749,0.974891016,0.953090812,0.96764653,0.951490771,0.945771207,0.948947649,0.933156909,0.920462434,0.933184855,0.955334499,0.957434653,0.950296611,0.954293113,0.962048885,0.924695803,0.943601146,0.937270534,0.924275338,0.930137476,0.941583226,0.929064001,0.941488269,0.917478194,0.929173186,0.866387554,0.884450222,0.856515863,0.918162272,0.851438782,0.931121108,0.885958988,0.925919025,0.890962053,0.919029035,0.896882719,0.938230032,0.849650547,0.88968529,0.893024548,0.861591493,0.908321897,0.905027073,0.898919221,0.890567396,0.902542249,0.843937828,0.882418813,0.860341614,0.86828211,0.878482204,0.808702161,0.912546851,0.860342178,0.830095317,0.745993102,0.821178701,0.862573812,0.817346923,0.820188047,0.803725585,0.750866557,0.843835125,0.712792128,0.799465195,0.751873622,0.664014065,0.705613546,0.725813735,0.840285848,0.628440585,0.762223033,0.632309258,0.641099208,0.567110532,0.691281735,0.6043638,0.691311486,0.662566552,0.746204715,0.590360486,0.639344262,0.528942672,0.524715451
CACNA1S,0.964886437,0.952752905,0.944166135,0.957374502,0.940427652,0.941308644,0.970013175,0.956330362,0.953587083,0.954232298,0.965442243,0.945336635,0.927688426,0.911705908,0.932135033,0.946926676,0.947426842,0.949753695,0.953233575,0.954303284,0.932379089,0.927966696,0.918963067,0.961369054,0.941906806,0.918959534,0.916883819,0.925922833,0.933542795,0.890441789,0.933144887,0.851853759,0.915151105,0.892131617,0.898964385,0.916418842,0.874614289,0.886316337,0.860025115,0.837050631,0.893036525,0.838220638,0.905258898,0.83537075,0.880722999,0.789351254,0.858285221,0.842397808,0.801341456,0.821722164,0.752675841,0.771951485,0.74042955,0.688644493,0.68743536,0.685096468,0.70767346,0.727926162,0.699496624,0.6939097,0.644840041,0.566156094,0.565124386,0.675205065,0.664723334,0.511780897,0.537875209,0.684181231,0.603003755,0.633396052,0.638818816,0.588127554,0.637192545,0.634587348,0.623852968,0.546408149,0.594970033,0.538996025,0.610282202,0.532824548,0.497517422,0.478281101,0.551875567,0.537014737,0.495478554,0.519822125,0.50557047,0.410698782,0.521870833,0.435169186,0.503315493,0.435916239,0.491342905,0.498861439,0.504802626,0.355671163,0.485967408,0.433365823,0.36082508,0.310172928,0.378955601,0.386174783,0.4193323,0.283900601,0.285637382,0.252730665,0.278883524,0.254284616,0.354164091,0.220134306,0.222277835,0.291476697,0.234489484,0.250342437,0.239153059,0.173024643,0.270543239,0.220871795,0.249707673,0.24521892,0.24016811,0.209070423,0.285506446,0.281121418,0.198084901,0.189231987,0.206100537,0.1987461,0.174340498
CAMK2B,0.755052265,0.671616022,0.609431681,0.585146857,0.638334284,0.582130584,0.660182427,0.692790736,0.658595157,0.654211036,0.690201192,0.655055769,0.445766871,0.583427192,0.635041171,0.538331929,0.764719464,0.620322514,0.593129771,0.664207826,0.60431338,0.57745465,0.463130761,0.600021169,0.420819631,0.54554026,0.406071673,0.524368231,0.47214904,0.471015917,0.60235448,0.317292007,0.496568487,0.460187022,0.470566132,0.358292178,0.333145052,0.438515081,0.361783439,0.330227416,0.396889646,0.348857307,0.442709411,0.251437372,0.362061898,0.211091626,0.238896239,0.355390009,0.280876044,0.240486016,0.223336479,0.220035426,0.154874372,0.130411353,0.165310577,0.16635444,0.148109244,0.201768111,0.110760795,0.200936768,0.142706645,0.156407035,0.126662971,0.14700589,0.126565387,0.092275029,0.093997583,0.149451818,0.123159832,0.092079208,0.11395134,0.125160256,0.157685275,0.090533563,0.118868227,0.108376833,0.100918211,0.104716227,0.144626594,0.063570525,0.084021885,0.063247495,0.095654173,0.067695261,0.08136909,0.124025708,0.086432389,0.091736624,0.060951437,0.051725805,0.091841365,0.092605759,0.050541516,0.045758514,0.058402799,0.046070917,0.037720329,0.041294299,0.043829376,0.03930744,0.078149441,0.047179827,0.038677918,0.0255886,0.03143284,0.016318268,0.027181144,0.013020329,0.036407537,0.018117417,0.021431102,0.01890189,0.018934416,0.027717154,0.024684788,0.026957578,0.025425095,0.026257569,0.029984327,0.017375711,0.018045656,0.024852214,0.02211788,0.017432157,0.016304048,0.019286648,0.010647459,0.032504854,0.027027027
CAPZB,0.83807777,0.813415934,0.800207165,0.835185185,0.786071887,0.848478474,0.825201043,0.799761689,0.812525334,0.858408304,0.752692919,0.838824214,0.826581028,0.817079982,0.772634791,0.7094,0.813292789,0.760576415,0.757574038,0.802819132,0.798470948,0.699269974,0.806636886,0.825853493,0.794421736,0.768715883,0.780044676,0.614707009,0.812859195,0.770384326,0.565785269,0.793083808,0.775417661,0.66908513,0.762017759,0.764691266,0.736044161,0.682840677,0.709699588,0.698969578,0.543541264,0.677385009,0.524215054,0.768856875,0.654886979,0.730637369,0.715946193,0.636385777,0.703077852,0.613114501,0.73714972,0.629951981,0.716849452,0.642831128,0.624301265,0.652301514,0.633035301,0.558911633,0.674374152,0.600887085,0.598920597,0.611190476,0.564310689,0.387159914,0.564806129,0.491348774,0.490543868,0.549305096,0.428388393,0.44750038,0.415282392,0.531437554,0.427523034,0.599711429,0.423595506,0.618415762,0.526851451,0.454395289,0.425049432,0.477768876,0.461676035,0.494386874,0.463143503,0.374364561,0.44946073,0.296841982,0.328403064,0.349985861,0.39006883,0.524115756,0.232943587,0.207281224,0.409990038,0.406258559,0.282118751,0.251866972,0.461012244,0.325422705,0.307836599,0.254771393,0.245164733,0.206227911,0.216699219,0.35015812,0.217168328,0.186819218,0.261621389,0.177377475,0.098314607,0.201692226,0.210897342,0.141581386,0.130366197,0.073432579,0.128258294,0.073248639,0.102969991,0.103455097,0.12583014,0.111332669,0.116897807,0.045070082,0.082509506,0.094535735,0.08044049,0.105308713,0.150734574,0.016331983,0.064869709
CCPG1,0.420351577,0.340825078,0.377142857,0.360812971,0.37595149,0.378116157,0.390967742,0.341803092,0.306989145,0.332774518,0.399401353,0.382044329,0.331149596,0.213395839,0.269165332,0.295011338,0.154499761,0.342507364,0.286848182,0.394572322,0.3196227,0.329441745,0.27881149,0.307736343,0.233760352,0.258637294,0.268893097,0.262579774,0.202968037,0.269325074,0.262452411,0.213372031,0.223315195,0.17993997,0.263764405,0.206760316,0.191963388,0.21345352,0.193242167,0.155427826,0.124125385,0.149557061,0.126810407,0.164415248,0.171014088,0.161276636,0.135943332,0.176076892,0.241236106,0.092385355,0.099336814,0.120795714,0.097899304,0.092881468,0.057212056,0.078038946,0.04866905,0.06396383,0.056022041,0.104571106,0.059710392,0.062544547,0.111557275,0.043122677,0.087101719,0.050308306,0.067213115,0.056631242,0.085663276,0.056471263,0.055978898,0.058993399,0.062491564,0.035758408,0.043757073,0.046501873,0.053295669,0.050568182,0.052127479,0.029011003,0.032944944,0.032117892,0.034195499,0.037330546,0.032244237,0.048950233,0.048306814,0.061624055,0.025284724,0.026768319,0.044229891,0.032359695,0.039894187,0.027215475,0.022518199,0.01492681,0.011124014,0.012299403,0.024893578,0.021358945,0.046547421,0.011817486,0.021917176,0.022524272,0.019754905,0.009742035,0.017747303,0.013076668,0.008552675,0.012248193,0.009551375,0.009285412,0.007710809,0.006189968,0.004706703,0.00584944,0.007786022,0.006916592,0.003509719,0.006906182,0.005258716,0.00750469,0.006984349,0.008607784,0.008206457,0.007376619,0.008789896,0.013709526,0.010673783
CLASP1,0.913761468,0.911032028,0.939297125,0.985576923,0.912636034,0.967592593,0.926247289,0.964755392,0.928410372,0.9415,0.897225077,0.830524345,0.957597173,0.841082582,0.887283237,0.872021784,0.952991453,0.937625755,0.922232388,0.819338422,0.919436052,0.906444099,0.833201893,0.918582375,0.916010499,0.932792584,0.881653454,0.856070941,0.91544477,0.881898455,0.822368421,0.815421816,0.71886121,0.710447761,0.71563981,0.777277277,0.740276035,0.749561018,0.733980583,0.6368,0.764880952,0.716216216,0.744780015,0.719339623,0.696913252,0.673605329,0.699381079,0.827659574,0.705167173,0.616440518,0.611367127,0.453583062,0.528905809,0.536286286,0.452065472,0.532183629,0.554098361,0.604878049,0.514361467,0.449171518,0.409292035,0.527117509,0.369127517,0.470588235,0.413294798,0.472076789,0.515889213,0.367179617,0.491525424,0.308139535,0.408809892,0.331825038,0.406655574,0.32685464,0.269805195,0.286922576,0.383632597,0.235130112,0.318107667,0.212177122,0.344304522,0.239152629,0.247202442,0.258766968,0.304982386,0.333613445,0.216433942,0.187047619,0.205235117,0.275376197,0.198385236,0.278619529,0.22754491,0.163795905,0.15357613,0.180847995,0.24291498,0.111017485,0.117276888,0.221279176,0.110497238,0.159293553,0.157728707,0.104344729,0.079503336,0.043325769,0.036897923,0.074175824,0.104255319,0.06096832,0.062992126,0.069602273,0.056165541,0.08751334,0.01703163,0.045631068,0.028820375,0.064084507,0.083233533,0.058863329,0.016909162,0.036896878,0.04826087,0.032290616,0.036117078,0.04027618,0.026778733,0.038619275,0.070441989
CLCN1,0.066746411,0.076891616,0.073376623,0.092621664,0.055728761,0.056060606,0.059020383,0.069222851,0.078437844,0.071736964,0.058727569,0.064915966,0.032939573,0.118719363,0.082969432,0.078888265,0.115633673,0.069385842,0.086834296,0.074484147,0.092079845,0.03438755,0.136618326,0.103367125,0.091717259,0.07239232,0.089335456,0.064338887,0.118059701,0.146240765,0.075517891,0.199385156,0.3089701,0.212276215,0.144298688,0.145947426,0.225042784,0.214752758,0.228162651,0.246212121,0.259530792,0.300982091,0.186000979,0.328806584,0.227465786,0.188412853,0.298651252,0.236216216,0.219348659,0.309262948,0.370899471,0.274925962,0.425649351,0.443371378,0.578064516,0.42176259,0.595828636,0.378723404,0.555169418,0.483207676,0.509608785,0.468680914,0.466847091,0.260444444,0.645631068,0.465020576,0.582482125,0.572763029,0.511056511,0.740948814,0.551004637,0.592039801,0.522923875,0.637801609,0.589697591,0.581546708,0.612099644,0.686455585,0.639625585,0.710217755,0.662,0.589127219,0.644186047,0.787934186,0.7972103,0.698354662,0.716643741,0.765423242,0.795940171,0.78856383,0.753654575,0.721590909,0.87295082,0.826882845,0.88147707,0.816526611,0.827087794,0.864937388,0.730872483,0.797520661,0.749295775,0.79757392,0.922918808,0.853517878,0.905861456,0.943396226,0.907915994,0.956325301,0.93840231,0.893258427,0.897165259,0.907202216,0.874751491,0.936619718,0.908588159,0.919909209,0.917835671,0.909635547,0.924953096,0.933102653,0.920212766,0.948344371,0.907035176,0.945714286,0.904945408,0.962732919,0.935530086,0.911392405,0.931343284
DMD,0.929555416,0.917564997,0.911968777,0.938931298,0.893518519,0.915668203,0.916495902,0.927233815,0.941103534,0.921675192,0.84241908,0.958917351,0.889736477,0.929253229,0.912787089,0.912861736,0.913235294,0.899651568,0.909767264,0.879689521,0.86695279,0.897837435,0.90252809,0.915700268,0.922985782,0.888537049,0.935546875,0.918289291,0.906932574,0.874276527,0.956661891,0.855989805,0.904145078,0.87755102,0.876200274,0.90193305,0.866649798,0.91928392,0.90403071,0.885542169,0.863188976,0.893929059,0.86410602,0.89500684,0.882034632,0.82340604,0.9184178,0.864497529,0.851211073,0.903787879,0.873234201,0.893473368,0.865779257,0.854545455,0.867046819,0.86526255,0.911032028,0.866502463,0.873722628,0.837670384,0.843319194,0.899769585,0.829289428,0.832515337,0.814754098,0.91378316,0.895794393,0.843681319,0.80931677,0.860465116,0.814461119,0.802924791,0.791921899,0.803023256,0.794274301,0.829404467,0.836660617,0.75777332,0.811637672,0.782272457,0.827236916,0.776010782,0.780440415,0.799753695,0.829252577,0.805886243,0.789757412,0.806670984,0.870627572,0.770287405,0.776409414,0.750144592,0.837873232,0.722589792,0.796486978,0.787366548,0.763946281,0.74148769,0.728986646,0.770958904,0.676020408,0.786991369,0.776475038,0.780748663,0.647709321,0.757742602,0.658843732,0.648178808,0.712007505,0.662681669,0.687714146,0.723236936,0.655813953,0.673469388,0.577679449,0.684108527,0.644744238,0.654029463,0.610951009,0.67826337,0.630022962,0.646570397,0.566566378,0.574129781,0.570073613,0.572946582,0.489770459,0.652216944,0.439781022
GFPT1,0.848805855,0.866495507,0.843223906,0.870160344,0.889666468,0.836925795,0.863301191,0.776749923,0.849894292,0.908959538,0.760515873,0.837175793,0.853301268,0.880636605,0.717695826,0.832126524,0.719058824,0.736341314,0.768668979,0.804939155,0.834311633,0.792088197,0.780373832,0.837294043,0.702975753,0.76037851,0.814612452,0.612745098,0.860901071,0.8124034,0.593339176,0.794579173,0.832116788,0.697496818,0.831847134,0.803302933,0.759604191,0.783528646,0.710405157,0.689161021,0.651181525,0.679116596,0.543179984,0.714394516,0.772955145,0.763212705,0.736008573,0.613550816,0.735121801,0.751085776,0.689655172,0.657177839,0.719477496,0.665927802,0.743594436,0.739173584,0.654560811,0.544344653,0.716248795,0.662647224,0.753411572,0.687616822,0.579440737,0.477116142,0.721363116,0.653230899,0.640125324,0.618982495,0.510976948,0.761523989,0.53894081,0.641891892,0.527649024,0.630325815,0.604346326,0.607106702,0.555276955,0.632796781,0.564659197,0.526719019,0.581524763,0.566800062,0.605815832,0.604282023,0.661147653,0.5209082,0.597861086,0.621802773,0.649701789,0.572803935,0.527413588,0.375056844,0.543633628,0.606932931,0.513605442,0.603510583,0.536384096,0.500415351,0.47902928,0.603069266,0.36577067,0.588997079,0.550373533,0.372873271,0.492988012,0.419113054,0.502387562,0.489214537,0.49833818,0.512835323,0.40020106,0.367865413,0.389995022,0.492427262,0.357790602,0.295385779,0.35639313,0.325155556,0.33828125,0.390432924,0.260183639,0.461800658,0.405490549,0.29138947,0.342208869,0.298310388,0.356418919,0.293995529,0.155376799
GOLGA4,0.038286796,0.044807088,0.054583727,0.034692562,0.045384119,0.049092903,0.055374593,0.054137426,0.041332105,0.04625356,0.046561117,0.047180409,0.039373573,0.065901248,0.05378512,0.059795904,0.047811994,0.033411765,0.059718352,0.062451286,0.060780614,0.055514974,0.072413265,0.038573593,0.06768728,0.05740984,0.079495268,0.046969114,0.058453292,0.067533653,0.043524948,0.085975077,0.085261613,0.06788284,0.072916667,0.090097676,0.103558591,0.079889249,0.072595821,0.092978874,0.080446347,0.092887194,0.078458726,0.123873596,0.108726108,0.143867222,0.107355865,0.096728887,0.134416859,0.129037611,0.133919338,0.114684248,0.140822591,0.157368386,0.177447847,0.145281398,0.150692624,0.228185555,0.155520087,0.181123325,0.162882902,0.15364302,0.211241865,0.149768038,0.170793987,0.12624246,0.125805328,0.162731732,0.133911703,0.220723152,0.239903918,0.249379359,0.204953812,0.235863806,0.244921489,0.211111111,0.195466701,0.264097578,0.174500229,0.270014366,0.248906058,0.29928011,0.270729155,0.313190049,0.290942673,0.204793689,0.317711328,0.322776107,0.273073574,0.266853933,0.196740591,0.252973721,0.309939531,0.315238497,0.310307848,0.346121549,0.302268495,0.286720322,0.389799636,0.348248077,0.24551748,0.364498645,0.256824353,0.310279188,0.373543202,0.446120089,0.432362668,0.397710365,0.464596175,0.491745283,0.367077766,0.446441033,0.400250054,0.50805153,0.477155172,0.463303318,0.525677603,0.434435952,0.491726715,0.435448718,0.473506794,0.444899479,0.569597879,0.555819307,0.598269468,0.432527802,0.422352833,0.54582527,0.588255261
INSR,0.314814815,0.74877451,0.702702703,0.703470032,0.518726592,0.691860465,0.698651864,0.705555556,0.872321429,0.90320911,0.672240803,0.59369287,0.92173913,0.522099448,0.671554252,0.693368107,0.990384615,0.538116592,0.625744934,0.082191781,0.453713123,0.672268908,0.709406201,0,0.582317073,0.6929873,0.55046344,0.691148776,0.711225364,0.513392857,0.444444444,0.391862955,0.1197411,0.461393597,0.334670232,0.28875,0.331488655,0.301282051,0.29331307,0.321935484,0.066312997,0.496778351,0.529444444,0.211180124,0.345548802,0.189814815,0.224334601,0.086614173,0.058823529,0.338235294,0.181235431,0.313670886,0.209279938,0.072755418,0.212062257,0.069060773,0.108843537,0.227532097,0.09609375,0.20855615,0.19010989,0.175388389,0.204945055,0.149386845,0.102844639,0.179425837,0.126981202,0.098148148,0.1267507,0.129186603,0.151285432,0.10172144,0.203610411,0.073439412,0.155063291,0.155405405,0.104434907,0.081355932,0.110383536,0.16774658,0.145721925,0.089411765,0.09336333,0.134065934,0.05200341,0.095538312,0.023690773,0.051167964,0.063441483,0.130131189,0.103535354,0.215897939,0.028772379,0.00170068,0.023765996,0.102459016,0.046014068,0.023227384,0.022775801,0.042044518,0.00209205,0.054597701,0.027822711,0.012872287,0.002805049,0.063360882,0.003460208,0.014037985,0.022536688,0.075892857,0.022659256,0.11496063,0.171497585,0.04,0.008077544,0.06993007,0.001893939,0.067060637,0.021349862,0.066588785,0.018223583,0.052401747,0.092105263,0.015261044,0.036363636,0.02539168,0.015424165,0.003826531,0.004830918
KIF13A,0.537593985,0.566326531,0.522781775,0.491496599,0.623880597,0.423728814,0.501879699,0.42893401,0.575987842,0.459627329,0.462264151,0.503488372,0.353868195,0.694174757,0.44648318,0.578431373,0.56097561,0.371980676,0.358786611,0.408273381,0.415309446,0.378378378,0.458666667,0.474248927,0.372990354,0.266756032,0.513333333,0.522875817,0.455390335,0.238361266,0.228773585,0.376190476,0.288934426,0.26056338,0.291925466,0.371559633,0.338403042,0.228571429,0.333702882,0.34038055,0.451965066,0.266037736,0.185110664,0.283783784,0.176282051,0.299295775,0.176197836,0.191025641,0.261316872,0.241685144,0.226720648,0.291845494,0.20531401,0.205450734,0.136783734,0.188376754,0.108753316,0.163201663,0.140039448,0.132678133,0.141176471,0.081285444,0.099337748,0.027100271,0.12593985,0.073852295,0.083798883,0.056399132,0.086866598,0.087403599,0.091295117,0.103007519,0.068965517,0.048898072,0.042553191,0.039735099,0.116580311,0.033457249,0.02800659,0.062193126,0.065296252,0.045454545,0.031837916,0.041224971,0.085959885,0.044274809,0.09800995,0.111386139,0.056237219,0.090255591,0.032110092,0.055103884,0.037679426,0.045698925,0.11001642,0.032617343,0.042885974,0.083098592,0.061630219,0.033722438,0.022309711,0.036231884,0.045620438,0.026030369,0.032742156,0.019417476,0.006082725,0.020519836,0.017699115,0.04004329,0.013289037,0.020515826,0.010247652,0.038961039,0.079716766,0.032537961,0.033874382,0.013071895,0.005707039,0.015197568,0.029478458,0.006896552,0.006376594,0.006193694,0.034797017,0.031839623,0.008353222,0.005833333,0.001766784
MBNL1,0.060145448,0.067199292,0.084734185,0.095125224,0.059952858,0.079947076,0.074004077,0.06961478,0.077361836,0.067891674,0.072304697,0.070418494,0.068660466,0.073474111,0.054447179,0.106904483,0.076055891,0.068890742,0.064607697,0.085223175,0.078845948,0.0669048,0.114631802,0.066957125,0.071175213,0.061897846,0.099309675,0.093052832,0.07478918,0.105920761,0.05737981,0.161075269,0.182906328,0.160795861,0.168424004,0.137672893,0.167193759,0.173904461,0.183593324,0.177990957,0.170503285,0.197478992,0.113614794,0.258384668,0.196557107,0.215720034,0.235644042,0.207298079,0.217784509,0.214145819,0.303012387,0.294447236,0.304478186,0.307706636,0.314891203,0.313796603,0.297034192,0.299446675,0.371957118,0.393454671,0.400003781,0.396535684,0.381482331,0.216136919,0.371750306,0.343052965,0.323535782,0.355040589,0.302229891,0.454113733,0.430068056,0.470931208,0.384495234,0.46509009,0.441692466,0.397552131,0.468375362,0.486470052,0.386043272,0.329175683,0.447497085,0.430032719,0.491,0.467893974,0.560619224,0.467453715,0.552091021,0.584712386,0.566967371,0.528024228,0.476038339,0.428133254,0.564985355,0.54595102,0.623041553,0.540984795,0.591794276,0.501994464,0.630216546,0.557851759,0.519723038,0.654896347,0.675491488,0.685464098,0.727432685,0.706736712,0.745628151,0.745868185,0.728799034,0.764208314,0.723004825,0.692305825,0.721173938,0.816147118,0.776045712,0.667743013,0.792057207,0.763793586,0.752039152,0.747389618,0.778540394,0.816046199,0.790683161,0.786641729,0.82571998,0.773340953,0.784761533,0.877433288,0.703862661
MBNL2,0.109820954,0.109585907,0.093043942,0.152136579,0.120505127,0.105129771,0.103464782,0.125320768,0.132100361,0.113793761,0.125,0.133086817,0.097283192,0.131280865,0.116801677,0.161289675,0.228901032,0.084546715,0.124616309,0.095835752,0.142820343,0.099487086,0.153171514,0.103599935,0.111878453,0.109603285,0.162503387,0.122786885,0.138086336,0.179585179,0.09296929,0.184403751,0.264974832,0.193940803,0.277366651,0.207914985,0.215225365,0.250248355,0.262263988,0.228597021,0.221050718,0.263309125,0.179974121,0.266398356,0.28606357,0.262749116,0.279860413,0.256061269,0.261212359,0.283526757,0.333989046,0.315886029,0.304506605,0.381176807,0.366651037,0.362747267,0.378663087,0.40415559,0.335526895,0.423754465,0.438551706,0.334976694,0.38313136,0.258709801,0.461254613,0.277801324,0.257038253,0.379211411,0.433494784,0.447088788,0.385892232,0.491317538,0.434667832,0.456647025,0.446061415,0.461073013,0.455514609,0.491200102,0.466316619,0.438778205,0.421543616,0.449632463,0.516491918,0.469918036,0.573699843,0.500982456,0.62747156,0.563172253,0.54283221,0.511465893,0.528796855,0.492498944,0.58740264,0.558979996,0.552792976,0.545019263,0.535825089,0.556164699,0.591967681,0.47875418,0.557909788,0.635555234,0.614558665,0.538443562,0.664469507,0.647141394,0.663566607,0.657231245,0.680819425,0.65864348,0.622957552,0.636313023,0.605572034,0.702698527,0.657473684,0.618476561,0.763965517,0.684526022,0.685443824,0.70812814,0.722109108,0.730018436,0.720331609,0.731996133,0.751514907,0.727659757,0.722274203,0.777535296,0.784375
NFIX,0.147596607,0.150242156,0.152714067,0.191413573,0.121695846,0.153059998,0.176691042,0.13810616,0.167412212,0.141062455,0.130404942,0.157204889,0.135948478,0.154104227,0.169992872,0.175909573,0.158462505,0.139915374,0.152328017,0.178309259,0.164209402,0.168466523,0.246126341,0.158790549,0.159587702,0.137575869,0.191231898,0.181496461,0.149836601,0.19943537,0.203617737,0.26054358,0.245449949,0.237887348,0.301275046,0.261762893,0.286746563,0.325196409,0.31607362,0.296653972,0.275257732,0.252594438,0.312126595,0.322787305,0.332389163,0.307129367,0.365123629,0.298835125,0.320492454,0.357555221,0.404662283,0.399156442,0.416159861,0.474005514,0.476416889,0.451066016,0.390085407,0.41298168,0.506673258,0.509359401,0.53708268,0.439551239,0.509118037,0.420637329,0.545166016,0.430120855,0.439705003,0.489923049,0.517461482,0.57000511,0.50057857,0.549178317,0.534225425,0.556778797,0.542100284,0.568961547,0.56229297,0.612092391,0.541954328,0.543370508,0.606467525,0.571962358,0.63017341,0.691666667,0.680378657,0.618677043,0.685535429,0.685637584,0.711835529,0.681111111,0.649985016,0.65868356,0.684895017,0.695541184,0.778409091,0.76387303,0.709826105,0.676739563,0.719103667,0.80309976,0.668688158,0.756630557,0.839229025,0.738477473,0.858958462,0.756601467,0.872044795,0.865768695,0.850702703,0.876636035,0.844571975,0.826952866,0.865218952,0.91300899,0.842799678,0.770028072,0.858487747,0.848497854,0.79531637,0.823861074,0.788313789,0.886584289,0.90684661,0.847372992,0.899634592,0.867375887,0.878630388,0.922381546,0.811265647
OPA1,0.447412918,0.476895896,0.438887403,0.469835069,0.419048967,0.48168277,0.466791511,0.486596583,0.473831514,0.469892473,0.417649371,0.481903676,0.478930818,0.396910605,0.472699557,0.370907231,0.396057348,0.385095591,0.465251626,0.475102519,0.423459716,0.398901809,0.389955514,0.405067809,0.459066101,0.401589021,0.41212976,0.368681513,0.43590108,0.294526694,0.380562061,0.41890166,0.2764345,0.343468027,0.277096774,0.30317521,0.327880683,0.239900915,0.305830208,0.276725522,0.276041667,0.295852359,0.353878458,0.259237875,0.203426641,0.325986747,0.236342043,0.265953067,0.255650241,0.269460028,0.307135288,0.268849206,0.270645269,0.248801804,0.219543147,0.195953003,0.217614534,0.184141888,0.245726496,0.170334709,0.180131426,0.164856136,0.195600273,0.240107311,0.157086871,0.184210526,0.174775928,0.168478261,0.162911612,0.131769576,0.208089819,0.149545882,0.173885214,0.165583174,0.153168354,0.193670018,0.186595687,0.138634348,0.141127154,0.166302766,0.174143039,0.165759687,0.145017281,0.135987979,0.128299894,0.116042994,0.122277228,0.115420344,0.130857341,0.140868455,0.12661987,0.133237822,0.120602308,0.104922644,0.110793335,0.132613567,0.144158076,0.14229765,0.1099631,0.105093339,0.167146974,0.114387557,0.101639344,0.141625903,0.110916111,0.098121967,0.088875453,0.092305888,0.075462963,0.078367248,0.093779453,0.098290598,0.08902027,0.093593888,0.096089385,0.072984008,0.089748954,0.103189854,0.117717478,0.082716049,0.093361625,0.071537873,0.081151215,0.073618701,0.060727888,0.107176142,0.079525372,0.071819961,0.133838384
RYR1,0.420292461,0.433034501,0.370683453,0.485330791,0.545566647,0.371149247,0.375587451,0.397043033,0.439611957,0.285021889,0.444848485,0.294695481,0.207934107,0.376493799,0.441711929,0.473136915,0.685471525,0.400044359,0.277964415,0.41010929,0.34003187,0.272321429,0.299407115,0.307366312,0.362663686,0.33698163,0.221311475,0.375617955,0.335117773,0.371561222,0.275095741,0.204674797,0.350398529,0.355593607,0.259480912,0.180614712,0.296168371,0.325211864,0.251148106,0.190082645,0.245755023,0.285448828,0.282241235,0.242344807,0.256415954,0.187287816,0.24278607,0.28329059,0.255969765,0.215321436,0.172243069,0.201583192,0.113772147,0.174358652,0.191319611,0.189964378,0.121325753,0.145128205,0.064389102,0.222570533,0.233057938,0.096893702,0.142363376,0.145144171,0.13914998,0.08827151,0.066393927,0.106126738,0.08783701,0.161663808,0.125937926,0.184385808,0.061631944,0.098672532,0.172330765,0.081779359,0.063652192,0.195373665,0.124161507,0.070218544,0.071728849,0.074989378,0.165736713,0.119176332,0.089821496,0.115056659,0.217475063,0.119620345,0.117538374,0.051331955,0.229130784,0.143892549,0.110072903,0.091848907,0.102362783,0.092499049,0.061168244,0.102949329,0.109834844,0.057368892,0.137479419,0.050623624,0.075620458,0.064520049,0.04875195,0.057107817,0.04971898,0.076573981,0.049624687,0.051676556,0.03319695,0.031629256,0.029244457,0.043285879,0.050312263,0.02908514,0.060702046,0.055751469,0.036342812,0.04142198,0.064544513,0.077513031,0.05403398,0.090760355,0.033330195,0.049331636,0.036081099,0.054483837,0.043900675
SOS1,0.997695853,0.925847458,0.9825,0.934579439,0.99271137,0.993877551,0.971722365,0.927318296,0.932432432,0.98019802,0.964556962,0.974719101,0.976430976,0.979915433,0.973244147,0.941176471,1,0.915708812,0.985365854,0.878453039,0.926751592,0.938802083,0.946700508,0.990909091,0.993079585,0.941176471,0.934903047,0.863636364,1,0.876325088,0.975806452,0.917491749,0.945255474,0.896848138,0.85042735,0.828382838,0.864423077,0.784126984,0.793352601,0.877966102,0.857142857,0.801075269,0.78172043,0.788113695,0.742290749,0.915841584,0.789333333,0.832876712,0.721864952,0.662379421,0.722916667,0.577747989,0.659863946,0.794117647,0.744541485,0.638067061,0.664739884,0.516574586,0.664987406,0.487804878,0.520380435,0.649456522,0.624521073,0.533492823,0.664688427,0.625722543,0.48427673,0.551440329,0.726993865,0.386885246,0.607913669,0.445283019,0.544159544,0.426851852,0.472972973,0.509803922,0.413580247,0.42173913,0.555555556,0.5917603,0.424302789,0.52494577,0.406158358,0.443521595,0.404580153,0.444736842,0.352159468,0.374100719,0.34742268,0.403794038,0.417910448,0.504784689,0.180974478,0.215986395,0.224489796,0.308539945,0.315151515,0.282660333,0.310483871,0.329376855,0.455782313,0.317771084,0.180297398,0.183006536,0.109375,0.229885057,0.142561983,0.170347003,0.313620072,0.129107981,0.182336182,0.298245614,0.182662539,0.171764706,0.242825607,0.474696356,0.216949153,0.272727273,0.237704918,0.140992167,0.305841924,0.142857143,0.125,0.180685358,0.212962963,0.174603175,0.224880383,0.244897959,0
VPS39,0.857489727,0.816282861,0.881200766,0.761438561,0.783935547,0.832838186,0.487493715,0.867897727,0.829053498,0.831073753,0.805004812,0.785096683,0.815409139,0.778818144,0.830196235,0.814482759,0.696465696,0.682448733,0.837971135,0.81316129,0.762247136,0.698376796,0.767182348,0.840475722,0.7850562,0.753742154,0.802545556,0.725055786,0.824920719,0.768282925,0.706464111,0.760059391,0.760834527,0.761468855,0.675334909,0.724835813,0.687856238,0.633809678,0.684509986,0.676129944,0.637845646,0.651264591,0.558601656,0.705625298,0.701455914,0.602549976,0.687508902,0.606411863,0.608823076,0.637059166,0.700950066,0.526080351,0.584734155,0.481902552,0.487888362,0.531561972,0.546820133,0.485505566,0.42999141,0.277370591,0.451358655,0.542488494,0.403131295,0.331002983,0.466577027,0.46301925,0.459498866,0.379301002,0.467532468,0.447773812,0.254491486,0.392512257,0.418522211,0.479311058,0.530770366,0.333901849,0.296771758,0.253063725,0.48812458,0.271756867,0.348615524,0.023672055,0.299002828,0.39557285,0.328116025,0.429290106,0.252017608,0.262570679,0.282194053,0.335403727,0.263921617,0.300091491,0.24979276,0.191613162,0.348312144,0.234289989,0.177634348,0.150908393,0.190345906,0.205891308,0.261108207,0.149158901,0.139532778,0.105068184,0.116740906,0.103173631,0.081840159,0.053275886,0.161598907,0.080334851,0.102618542,0.126783167,0.067297199,0.156596794,0.077961433,0.057173747,0.097011269,0.079760458,0.090430017,0.078264969,0.061653117,0.105978825,0.071253272,0.060168667,0.029783133,0.040637953,0.035151856,0.089950712,0.138986014